Q_login,Q_password,Q_loginID,Q_userAlias,Q_firstname,Q_lastname,Q_email,Q_title,Q_location,Q_currency,Q_costperhour,Q_datetimeformat,Q_localeID,Q_timezoneID,Q_projectID,Q_roleid,Q_Password,Q_ConfirmPassword,Q_projectname,Q_projectKey,Q_projectDesc,Q_releasename,Q_releaseDesc,Q_releaseStartDate,Q_releaseTargetDate,Q_cycleName,Q_cycleDesc,Q_cycleStartDate,Q_cycleTargetDate,Q_ChangeScope,,Q_reqName,Q_reqDesc,Q_reqComp,Q_reqOwner,Q_reqPriority,Q_reqRequirementState,,Q_reqRqFolderId,Q_reqScope,Q_prjScope,Q_prjParentID,Q_prjName,Q_PrjDesc,Q_prjComp,Q_prjOwner,Q_prjRelAddReq_name,,,Q_prjRelAddReq_Desc,Q_prjRelAddReq_Comp,Q_prjRelAddReq_Owner,Q_prjRelAddReq_Priority,Q_prjRelAddReq_ReqState,Q_prjRelAddReq_RqFolderId,,,Q_prjRelAddReq_Scope,,,Q_ReqPrjRelAddFol_Scope,Q_ReqPrjRelAddFol_ParentID,Q_ReqPrjRelAddFol_Name,Q_ReqPrjRelAddFol_Desc,Q_ReqPrjRelAddFol_Comp,Q_ReqPrjRelAddFol_Owner,Q_ReqCycAddReq_Name,Q_ReqCycAddReq_Desc,Q_ReqCycAddReq_Comp,Q_ReqCycAddReq_Owner,Q_ReqCycAddReq_Priority,Q_ReqCycAddReq_ReqState,Q_ReqCycAddReq_FolderId,Q_ReqCycAddReq_Scope,Q_ReqCycAddFold_Scope,Q_ReqCycAddFold_ParentID,Q_ReqCycAddFold_name,Q_ReqCycAddFold_desc,Q_ReqCycAddFold_Comp,Q_ReqCycAddFold_Owner,Q_TestCasePrjAddFold_ParentID,Q_TestCasePrjAddFold_Name,Q_TestCasePrjAddFold_Desc,Q_TestCasePrjAddFold_Comp,Q_TestCasePrjAddFold_Owner,Q_TestCasePrjAddFold_TestCaseType,Q_TestCasePrjAddFold_TestingType,Q_TestCasePrjAddFold_Priority,Q_TestCasePrjAddFold_chkTcReplicateFolder,,,,,Q_TestCasePrjAddFold_scope,,,Q_TestCaseaprjCreateTestCase_VersionID,Q_TestCaseaprjCreateTestCase_FolderID,,,,Q_TestCaseaprjCreateTestCase_TCID,,,,Q_TestCaseaprjCreateTestCase_Scope,Q_TestCaseaprjCreateTestCase_Name,,,,Q_TestCaseaprjCreateTestCase_Desc,,,,Q_TestCaseaprjCreateTestCase_Comp,,,,Q_TestCaseaprjCreateTestCase_Owner,Q_TestCaseaprjCreateTestCase_Priority,Q_TestCaseaprjCreateTestCase_Designer,Q_TestCaseaprjCreateTestCase_TestCaseState,Q_TestCaseaprjCreateTestCase_TestCaseType,Q_TestCaseaprjCreateTestCase_TestingType,,,Q_TestCaseRelAddFolder_ParentID,,,,Q_TestCaseRelAddFolder_Name,,,,Q_TestCaseRelAddFolder_Desc,,,,Q_TestCaseRelAddFolder_Comp,,,Q_TestCaseRelAddFolder_Owner,,,,Q_TestCaseRelAddFolder_TestCaseType,,,Q_TestCaseRelAddFolder_TestingType,,,Q_TestCaseRelAddFolder_Priority,,,Q_TestCaseRelAddFolder_ReplicateFolder,,,Q_TestCaseRelAddFolder_Scope,,,Q_TCRelAdd TestCase_VersionID,,,,Q_TCRelAdd TestCase_FolderID,,,,Q_TCRelAdd TestCase_TCID,,,Q_TCRelAdd TestCase_Scope,,,Q_TCRelAdd TestCase_Name,Q_TCRelAdd TestCase_Desc,Q_TCRelAdd TestCase_Comp,Q_TCRelAdd TestCase_Owner,Q_TCRelAdd TestCase_Priority,Q_TCRelAdd TestCase_Designer,Q_TCRelAdd TestCase_TCState,Q_TCRelAdd TestCase_TCType,Q_TCRelAdd TestCase_TestingType,,,,Q_TCCycleAddFolder_ParentID,,,Q_TCCycleAddFolder_Name,,,Q_TCCycleAddFolder_Desc,,,Q_TCCycleAddFolder_Comp,,,Q_TCCycleAddFolder_Owner,,,Q_TCCycleAddFolder_TCType,,,Q_TCCycleAddFolder_TestingType,Q_TCCycleAddFolder_Priority,Q_TCCycleAddFolder_ReplicateFolder,Q_TCCycleAddFolder_Scope,,,Q_TCCycleAddTC_VersionID,Q_TCCycleAddTC_FolderID,,,Q_TCCycleAddTC_FolderID,Q_TCCycleAddTC_Scope,Q_TCCycleAddTC_Name,Q_TCCycleAddTC_Desc,Q_TCCycleAddTC_Comp,Q_TCCycleAddTC_Owner,Q_TCCycleAddTC_Priority,Q_TCCycleAddTC_Designer,Q_TCCycleAddTC_TCState,Q_TCCycleAddTC_TCType,Q_TCCycleAddTC_TestingType,,,Q_TSAddFolder_Scope,,,Q_TSAddFolder_Name,Q_TSAddFolder_Desc,,Q_TSAddFolder_TSState,Q_TSAddFolder_Owner,Q_TSAddFolder_ParentID,,,Q_TSAddTestSuite_Name,Q_TSAddTestSuite_Desc,Q_TSAddTestSuite_TSState,Q_TSAddTestSuite_Owner,Q_TSAddTestSuite_CreateTask,Q_TSAddTestSuite_FolderID,,,Q_EditUser_Location,Q_EditUser_ID,,Q_TestSuiteID,Q_TestSuiteIDLP,Q_PlatFormID
rishi,rishi123*,PerfUser102,PerfUser102,Theresa,Walker,twalker@jetpulse.info,QA Engineer,Daly City,SAR,90.71,1,1,1,1,1,PerfUser102,PerfUser102,Test Project 50,LMN,Test Project_050,Release 6,Release Test 7,2014-01-29T00:00:05,2014-02-12T00:00:05,Test Cycle Name,Test New Cycle,2014-02-10T00:00:05,2014-03-05T00:00:05,1,,Test Project Name_060,Test Requirement,108,3,4,25,,1,scope,project,1,Test Project_200,Test Project Description_200,108,3,Test Project Name_200,,,Test Release,108,3,4,25,1,,,release,,,release,2,Test Folder_200,Test Folder to be added,108,3,Test Project Cycle_200,Test Project Cycle Description,108,3,4,25,1,cycle,cycle,1,Test Cycle Folder_200,Test Folder to be created under cycle Folder,108,3,1,Test Project Test Case Folder_200,Folder for Testing Jmeter Scripts_200,108,3,21,12,4,FALSE,,,,,project,,,1,4,,,,1,,,,project,Test Project Test Case_200,,,,Test case is added in Test Project_200,,,,108,,,,3,4,3,7,22,13,,,1,,,,Test Project Test Case_200,,,,Test Case for Testing Purpose,,,,108,,,3,,,,21,,,12,,,4,,,FALSE,,,release,,,1,,,,3,,,,0,,,release,,,Test Add Test Case in Release folder_200,Adding Test Case in Release folder,108,3,4,3,7,22,13,,,,1,,,Test Folder in Test Case Cycle Tab_200,,,Adding Test Folder in Test Case Cycle,,,108,,,3,,,21,,,13,4,FALSE,Cycle,,,1,1,,,1,cycle,Test Test Case in Test Cycle _200,Adding Test Case in Test case Cycle,109,3,3,3,7,22,13,,,Cycle,,,Test Folder in Add Test Suite_200,Adding test Folder in Test Suite ,,28,3,1,,,Test Performance Test Suite_200,Performance Test Suite to be added in Test Suite ,28,3,FALSE,1,,,Mumbai,6,,1,1,1
LoadTest_001,loadtest1*,PerfUser103,PerfUser103,Philip,Rice,price@tagchat.info,QA Engineer,Newport Beach,IQD,81.27,1,1,1,1,1,PerfUser103,PerfUser103,Test Project 51,HNB,Test Project_051,Release 7,Release Test 8,2014-01-29T00:00:06,2014-02-12T00:00:06,Test Cycle Name,Test New Cycle,2014-02-10T00:00:06,2014-03-05T00:00:06,2,,Test Project Name_061,Test Requirement,108,3,4,25,,1,scope,project,1,Test Project_201,Test Project Description_201,108,3,Test Project Name_201,,,Test Release,108,3,4,25,1,,,release,,,release,2,Test Folder_201,Test Folder to be added,108,3,Test Project Cycle_201,Test Project Cycle Description,108,3,4,25,1,cycle,cycle,1,Test Cycle Folder_201,Test Folder to be created under cycle Folder,108,3,1,Test Project Test Case Folder_201,Folder for Testing Jmeter Scripts_201,108,3,21,12,4,FALSE,,,,,project,,,1,2,,,,1,,,,project,Test Project Test Case_201,,,,Test case is added in Test Project_201,,,,108,,,,3,4,3,7,22,13,,,1,,,,Test Project Test Case_201,,,,Test Case for Testing Purpose,,,,108,,,3,,,,21,,,12,,,4,,,FALSE,,,release,,,1,,,,3,,,,0,,,release,,,Test Add Test Case in Release folder_201,Adding Test Case in Release folder,108,3,4,3,7,22,13,,,,1,,,Test Folder in Test Case Cycle Tab_201,,,Adding Test Folder in Test Case Cycle,,,108,,,3,,,21,,,13,4,FALSE,Cycle,,,1,1,,,1,cycle,Test Test Case in Test Cycle _201,Adding Test Case in Test case Cycle,109,3,3,3,7,22,13,,,Cycle,,,Test Folder in Add Test Suite_201,Adding test Folder in Test Suite ,,28,3,1,,,Test Performance Test Suite_201,Performance Test Suite to be added in Test Suite ,28,3,FALSE,1,,,Mumbai,7,,2,2,2
LoadTest_002,loadtest2*,PerfUser104,PerfUser104,Kathryn,Sanders,ksanders@oyonder.name,QA Engineer,Rancho Santa Margarita,OMR,50.83,1,1,1,1,1,PerfUser104,PerfUser104,Test Project 52,TGF,Test Project_052,Release 8,Release Test 9,2014-01-29T00:00:07,2014-02-12T00:00:07,Test Cycle Name,Test New Cycle,2014-02-10T00:00:07,2014-03-05T00:00:07,3,,Test Project Name_062,Test Requirement,108,3,4,25,,1,scope,project,1,Test Project_202,Test Project Description_202,108,3,Test Project Name_202,,,Test Release,108,3,4,25,1,,,release,,,release,2,Test Folder_202,Test Folder to be added,108,3,Test Project Cycle_202,Test Project Cycle Description,108,3,4,25,1,cycle,cycle,1,Test Cycle Folder_202,Test Folder to be created under cycle Folder,108,3,1,Test Project Test Case Folder_202,Folder for Testing Jmeter Scripts_202,108,3,21,12,4,FALSE,,,,,project,,,1,3,,,,1,,,,project,Test Project Test Case_202,,,,Test case is added in Test Project_202,,,,108,,,,3,4,3,7,22,13,,,1,,,,Test Project Test Case_202,,,,Test Case for Testing Purpose,,,,108,,,3,,,,21,,,12,,,4,,,FALSE,,,release,,,1,,,,3,,,,0,,,release,,,Test Add Test Case in Release folder_202,Adding Test Case in Release folder,108,3,4,3,7,22,13,,,,1,,,Test Folder in Test Case Cycle Tab_202,,,Adding Test Folder in Test Case Cycle,,,108,,,3,,,21,,,13,4,FALSE,Cycle,,,1,1,,,1,cycle,Test Test Case in Test Cycle _202,Adding Test Case in Test case Cycle,109,3,3,3,7,22,13,,,Cycle,,,Test Folder in Add Test Suite_202,Adding test Folder in Test Suite ,,28,3,1,,,Test Performance Test Suite_202,Performance Test Suite to be added in Test Suite ,28,3,FALSE,1,,,Mumbai,8,,3,3,4
LoadTest_003,loadtest3*,PerfUser105,PerfUser105,Anthony,Kim,akim@quimba.gov,QA Engineer,Hawthorne,SAR,61.81,1,1,1,1,1,PerfUser105,PerfUser105,Test Project 53,UVN,Test Project_053,Release 9,Release Test 10,2014-01-29T00:00:08,2014-02-12T00:00:08,Test Cycle Name,Test New Cycle,2014-02-10T00:00:08,2014-03-05T00:00:08,1,,Test Project Name_063,Test Requirement,108,3,4,25,,1,scope,project,1,Test Project_203,Test Project Description_203,108,3,Test Project Name_203,,,Test Release,108,3,4,25,1,,,release,,,release,2,Test Folder_203,Test Folder to be added,108,3,Test Project Cycle_203,Test Project Cycle Description,108,3,4,25,1,cycle,cycle,1,Test Cycle Folder_203,Test Folder to be created under cycle Folder,108,3,1,Test Project Test Case Folder_203,Folder for Testing Jmeter Scripts_203,108,3,21,12,4,FALSE,,,,,project,,,1,4,,,,1,,,,project,Test Project Test Case_203,,,,Test case is added in Test Project_203,,,,108,,,,3,4,3,7,22,13,,,1,,,,Test Project Test Case_203,,,,Test Case for Testing Purpose,,,,108,,,3,,,,21,,,12,,,4,,,FALSE,,,release,,,1,,,,3,,,,0,,,release,,,Test Add Test Case in Release folder_203,Adding Test Case in Release folder,108,3,4,3,7,22,13,,,,1,,,Test Folder in Test Case Cycle Tab_203,,,Adding Test Folder in Test Case Cycle,,,108,,,3,,,21,,,13,4,FALSE,Cycle,,,1,1,,,1,cycle,Test Test Case in Test Cycle _203,Adding Test Case in Test case Cycle,109,3,3,3,7,22,13,,,Cycle,,,Test Folder in Add Test Suite_203,Adding test Folder in Test Suite ,,28,3,1,,,Test Performance Test Suite_203,Performance Test Suite to be added in Test Suite ,28,3,FALSE,1,,,Mumbai,9,,4,4,5
LoadTest_004,loadtest4*,PerfUser106,PerfUser106,Julie,Fisher,jfisher@skivee.edu,QA Engineer,Lathrop,ILS,67.06,1,1,1,1,1,PerfUser106,PerfUser106,Test Project 54,ION,Test Project_054,Release 10,Release Test 11,2014-01-29T00:00:09,2014-02-12T00:00:09,Test Cycle Name,Test New Cycle,2014-02-10T00:00:09,2014-03-05T00:00:09,2,,Test Project Name_064,Test Requirement,108,3,4,25,,1,scope,project,1,Test Project_204,Test Project Description_204,108,3,Test Project Name_204,,,Test Release,108,3,4,25,1,,,release,,,release,2,Test Folder_204,Test Folder to be added,108,3,Test Project Cycle_204,Test Project Cycle Description,108,3,4,25,1,cycle,cycle,1,Test Cycle Folder_204,Test Folder to be created under cycle Folder,108,3,1,Test Project Test Case Folder_204,Folder for Testing Jmeter Scripts_204,108,3,21,12,4,FALSE,,,,,project,,,1,2,,,,1,,,,project,Test Project Test Case_204,,,,Test case is added in Test Project_204,,,,108,,,,3,4,3,7,22,13,,,1,,,,Test Project Test Case_204,,,,Test Case for Testing Purpose,,,,108,,,3,,,,21,,,12,,,4,,,FALSE,,,release,,,1,,,,3,,,,0,,,release,,,Test Add Test Case in Release folder_204,Adding Test Case in Release folder,108,3,4,3,7,22,13,,,,1,,,Test Folder in Test Case Cycle Tab_204,,,Adding Test Folder in Test Case Cycle,,,108,,,3,,,21,,,13,4,FALSE,Cycle,,,1,1,,,1,cycle,Test Test Case in Test Cycle _204,Adding Test Case in Test case Cycle,109,3,3,3,7,22,13,,,Cycle,,,Test Folder in Add Test Suite_204,Adding test Folder in Test Suite ,,28,3,1,,,Test Performance Test Suite_204,Performance Test Suite to be added in Test Suite ,28,3,FALSE,1,,,Mumbai,10,,5,5,6
LoadTest_005,loadtest5*,PerfUser107,PerfUser107,Beverly,Moore,bmoore@rhynoodle.info,QA Engineer,Atascadero,QAR,84.08,1,1,1,1,1,PerfUser107,PerfUser107,Test Project 55,WBD,Test Project_055,Release 11,Release Test 12,2014-01-29T00:00:10,2014-02-12T00:00:10,Test Cycle Name,Test New Cycle,2014-02-10T00:00:10,2014-03-05T00:00:10,4,,Test Project Name_065,Test Requirement,108,3,4,25,,1,scope,project,1,Test Project_205,Test Project Description_205,108,3,Test Project Name_205,,,Test Release,108,3,4,25,1,,,release,,,release,2,Test Folder_205,Test Folder to be added,108,3,Test Project Cycle_205,Test Project Cycle Description,108,3,4,25,1,cycle,cycle,1,Test Cycle Folder_205,Test Folder to be created under cycle Folder,108,3,1,Test Project Test Case Folder_205,Folder for Testing Jmeter Scripts_205,108,3,21,12,4,FALSE,,,,,project,,,1,3,,,,1,,,,project,Test Project Test Case_205,,,,Test case is added in Test Project_205,,,,108,,,,3,4,3,7,22,13,,,1,,,,Test Project Test Case_205,,,,Test Case for Testing Purpose,,,,108,,,3,,,,21,,,12,,,4,,,FALSE,,,release,,,1,,,,3,,,,0,,,release,,,Test Add Test Case in Release folder_205,Adding Test Case in Release folder,108,3,4,3,7,22,13,,,,1,,,Test Folder in Test Case Cycle Tab_205,,,Adding Test Folder in Test Case Cycle,,,108,,,3,,,21,,,13,4,FALSE,Cycle,,,1,1,,,1,cycle,Test Test Case in Test Cycle _205,Adding Test Case in Test case Cycle,109,3,3,3,7,22,13,,,Cycle,,,Test Folder in Add Test Suite_205,Adding test Folder in Test Suite ,,28,3,1,,,Test Performance Test Suite_205,Performance Test Suite to be added in Test Suite ,28,3,FALSE,1,,,Mumbai,11,,6,6,7
LoadTest_006,loadtest6*,PerfUser108,PerfUser108,Antonio,Young,ayoung@agimba.mil,QA Engineer,Clovis,XAU,20.95,1,1,1,1,1,PerfUser108,PerfUser108,Test Project 56,LND,Test Project_056,Release 12,Release Test 13,2014-01-29T00:00:11,2014-02-12T00:00:11,Test Cycle Name,Test New Cycle,2014-02-10T00:00:11,2014-03-05T00:00:11,1,,Test Project Name_066,Test Requirement,108,3,4,25,,1,scope,project,1,Test Project_206,Test Project Description_206,108,3,Test Project Name_206,,,Test Release,108,3,4,25,1,,,release,,,release,2,Test Folder_206,Test Folder to be added,108,3,Test Project Cycle_206,Test Project Cycle Description,108,3,4,25,1,cycle,cycle,1,Test Cycle Folder_206,Test Folder to be created under cycle Folder,108,3,1,Test Project Test Case Folder_206,Folder for Testing Jmeter Scripts_206,108,3,21,12,4,FALSE,,,,,project,,,1,4,,,,1,,,,project,Test Project Test Case_206,,,,Test case is added in Test Project_206,,,,108,,,,3,4,3,7,22,13,,,1,,,,Test Project Test Case_206,,,,Test Case for Testing Purpose,,,,108,,,3,,,,21,,,12,,,4,,,FALSE,,,release,,,1,,,,3,,,,0,,,release,,,Test Add Test Case in Release folder_206,Adding Test Case in Release folder,108,3,4,3,7,22,13,,,,1,,,Test Folder in Test Case Cycle Tab_206,,,Adding Test Folder in Test Case Cycle,,,108,,,3,,,21,,,13,4,FALSE,Cycle,,,1,1,,,1,cycle,Test Test Case in Test Cycle _206,Adding Test Case in Test case Cycle,109,3,3,3,7,22,13,,,Cycle,,,Test Folder in Add Test Suite_206,Adding test Folder in Test Suite ,,28,3,1,,,Test Performance Test Suite_206,Performance Test Suite to be added in Test Suite ,28,3,FALSE,1,,,Mumbai,12,,7,7,8
LoadTest_007,loadtest7*,PerfUser109,PerfUser109,Adam,Dean,adean@feedfish.name,QA Engineer,Manteca,PTE,82.91,1,1,1,1,1,PerfUser109,PerfUser109,Test Project 57,TRE,Test Project_057,Release 13,Release Test 14,2014-01-29T00:00:12,2014-02-12T00:00:12,Test Cycle Name,Test New Cycle,2014-02-10T00:00:12,2014-03-05T00:00:12,2,,Test Project Name_067,Test Requirement,108,3,4,25,,1,scope,project,1,Test Project_207,Test Project Description_207,108,3,Test Project Name_207,,,Test Release,108,3,4,25,1,,,release,,,release,2,Test Folder_207,Test Folder to be added,108,3,Test Project Cycle_207,Test Project Cycle Description,108,3,4,25,1,cycle,cycle,1,Test Cycle Folder_207,Test Folder to be created under cycle Folder,108,3,1,Test Project Test Case Folder_207,Folder for Testing Jmeter Scripts_207,108,3,21,12,4,FALSE,,,,,project,,,1,2,,,,1,,,,project,Test Project Test Case_207,,,,Test case is added in Test Project_207,,,,108,,,,3,4,3,7,22,13,,,1,,,,Test Project Test Case_207,,,,Test Case for Testing Purpose,,,,108,,,3,,,,21,,,12,,,4,,,FALSE,,,release,,,1,,,,3,,,,0,,,release,,,Test Add Test Case in Release folder_207,Adding Test Case in Release folder,108,3,4,3,7,22,13,,,,1,,,Test Folder in Test Case Cycle Tab_207,,,Adding Test Folder in Test Case Cycle,,,108,,,3,,,21,,,13,4,FALSE,Cycle,,,1,1,,,1,cycle,Test Test Case in Test Cycle _207,Adding Test Case in Test case Cycle,109,3,3,3,7,22,13,,,Cycle,,,Test Folder in Add Test Suite_207,Adding test Folder in Test Suite ,,28,3,1,,,Test Performance Test Suite_207,Performance Test Suite to be added in Test Suite ,28,3,FALSE,1,,,Mumbai,13,,7,5,8
LoadTest_008,loadtest8*,PerfUser110,PerfUser110,Martin,Parker,mparker@livez.mil,QA Engineer,Del Rey Oaks,ZAR,84,1,1,1,1,1,PerfUser110,PerfUser110,Test Project 58,NFD,Test Project_058,Release 14,Release Test 15,2014-01-29T00:00:13,2014-02-12T00:00:13,Test Cycle Name,Test New Cycle,2014-02-10T00:00:13,2014-03-05T00:00:13,3,,Test Project Name_068,Test Requirement,108,3,4,25,,1,scope,project,1,Test Project_208,Test Project Description_208,108,3,Test Project Name_208,,,Test Release,108,3,4,25,1,,,release,,,release,2,Test Folder_208,Test Folder to be added,108,3,Test Project Cycle_208,Test Project Cycle Description,108,3,4,25,1,cycle,cycle,1,Test Cycle Folder_208,Test Folder to be created under cycle Folder,108,3,1,Test Project Test Case Folder_208,Folder for Testing Jmeter Scripts_208,108,3,21,12,4,FALSE,,,,,project,,,1,3,,,,1,,,,project,Test Project Test Case_208,,,,Test case is added in Test Project_208,,,,108,,,,3,4,3,7,22,13,,,1,,,,Test Project Test Case_208,,,,Test Case for Testing Purpose,,,,108,,,3,,,,21,,,12,,,4,,,FALSE,,,release,,,1,,,,3,,,,0,,,release,,,Test Add Test Case in Release folder_208,Adding Test Case in Release folder,108,3,4,3,7,22,13,,,,1,,,Test Folder in Test Case Cycle Tab_208,,,Adding Test Folder in Test Case Cycle,,,108,,,3,,,21,,,13,4,FALSE,Cycle,,,1,1,,,1,cycle,Test Test Case in Test Cycle _208,Adding Test Case in Test case Cycle,109,3,3,3,7,22,13,,,Cycle,,,Test Folder in Add Test Suite_208,Adding test Folder in Test Suite ,,28,3,1,,,Test Performance Test Suite_208,Performance Test Suite to be added in Test Suite ,28,3,FALSE,1,,,Mumbai,14,,8,8,9
LoadTest_009,loadtest9*,PerfUser111,PerfUser111,Janet,Rose,jrose@oyoyo.org,QA Engineer,Wasco,USD,88.63,1,1,1,1,1,PerfUser111,PerfUser111,Test Project 59,KHF,Test Project_059,Release 15,Release Test 16,2014-01-29T00:00:14,2014-02-12T00:00:14,Test Cycle Name,Test New Cycle,2014-02-10T00:00:14,2014-03-05T00:00:14,4,,Test Project Name_069,Test Requirement,108,3,4,25,,1,scope,project,1,Test Project_209,Test Project Description_209,108,3,Test Project Name_209,,,Test Release,108,3,4,25,1,,,release,,,release,2,Test Folder_209,Test Folder to be added,108,3,Test Project Cycle_209,Test Project Cycle Description,108,3,4,25,1,cycle,cycle,1,Test Cycle Folder_209,Test Folder to be created under cycle Folder,108,3,1,Test Project Test Case Folder_209,Folder for Testing Jmeter Scripts_209,108,3,21,12,4,FALSE,,,,,project,,,1,4,,,,1,,,,project,Test Project Test Case_209,,,,Test case is added in Test Project_209,,,,108,,,,3,4,3,7,22,13,,,1,,,,Test Project Test Case_209,,,,Test Case for Testing Purpose,,,,108,,,3,,,,21,,,12,,,4,,,FALSE,,,release,,,1,,,,3,,,,0,,,release,,,Test Add Test Case in Release folder_209,Adding Test Case in Release folder,108,3,4,3,7,22,13,,,,1,,,Test Folder in Test Case Cycle Tab_209,,,Adding Test Folder in Test Case Cycle,,,108,,,3,,,21,,,13,4,FALSE,Cycle,,,1,1,,,1,cycle,Test Test Case in Test Cycle _209,Adding Test Case in Test case Cycle,109,3,3,3,7,22,13,,,Cycle,,,Test Folder in Add Test Suite_209,Adding test Folder in Test Suite ,,28,3,1,,,Test Performance Test Suite_209,Performance Test Suite to be added in Test Suite ,28,3,FALSE,1,,,Mumbai,15,,8,1,1
LoadTest_010,loadtest10*,PerfUser112,PerfUser112,Sandra,Roberts,sroberts@camido.com,QA Engineer,Chino,OMR,99.5,1,1,1,1,1,PerfUser112,PerfUser112,Test Project 60,LMF,Test Project_060,Release 16,Release Test 17,2014-01-29T00:00:15,2014-02-12T00:00:15,Test Cycle Name,Test New Cycle,2014-02-10T00:00:15,2014-03-05T00:00:15,1,,Test Project Name_070,Test Requirement,108,3,4,25,,1,scope,project,1,Test Project_210,Test Project Description_210,108,3,Test Project Name_210,,,Test Release,108,3,4,25,1,,,release,,,release,2,Test Folder_210,Test Folder to be added,108,3,Test Project Cycle_210,Test Project Cycle Description,108,3,4,25,1,cycle,cycle,1,Test Cycle Folder_210,Test Folder to be created under cycle Folder,108,3,1,Test Project Test Case Folder_210,Folder for Testing Jmeter Scripts_210,108,3,21,12,4,FALSE,,,,,project,,,1,2,,,,1,,,,project,Test Project Test Case_210,,,,Test case is added in Test Project_210,,,,108,,,,3,4,3,7,22,13,,,1,,,,Test Project Test Case_210,,,,Test Case for Testing Purpose,,,,108,,,3,,,,21,,,12,,,4,,,FALSE,,,release,,,1,,,,3,,,,0,,,release,,,Test Add Test Case in Release folder_210,Adding Test Case in Release folder,108,3,4,3,7,22,13,,,,1,,,Test Folder in Test Case Cycle Tab_210,,,Adding Test Folder in Test Case Cycle,,,108,,,3,,,21,,,13,4,FALSE,Cycle,,,1,1,,,1,cycle,Test Test Case in Test Cycle _210,Adding Test Case in Test case Cycle,109,3,3,3,7,22,13,,,Cycle,,,Test Folder in Add Test Suite_210,Adding test Folder in Test Suite ,,28,3,1,,,Test Performance Test Suite_210,Performance Test Suite to be added in Test Suite ,28,3,FALSE,1,,,Mumbai,16,,8,2,2
LoadTest_011,loadtest11*,PerfUser113,PerfUser113,Douglas,Warren,dwarren@ntags.gov,QA Engineer,Beaumont,XPD,96.36,1,1,1,1,1,PerfUser113,PerfUser113,Test Project 61,MND,Test Project_061,Release 17,Release Test 18,2014-01-29T00:00:16,2014-02-12T00:00:16,Test Cycle Name,Test New Cycle,2014-02-10T00:00:16,2014-03-05T00:00:16,2,,Test Project Name_071,Test Requirement,108,3,4,25,,1,scope,project,1,Test Project_211,Test Project Description_211,108,3,Test Project Name_211,,,Test Release,108,3,4,25,1,,,release,,,release,2,Test Folder_211,Test Folder to be added,108,3,Test Project Cycle_211,Test Project Cycle Description,108,3,4,25,1,cycle,cycle,1,Test Cycle Folder_211,Test Folder to be created under cycle Folder,108,3,1,Test Project Test Case Folder_211,Folder for Testing Jmeter Scripts_211,108,3,21,12,4,FALSE,,,,,project,,,1,3,,,,1,,,,project,Test Project Test Case_211,,,,Test case is added in Test Project_211,,,,108,,,,3,4,3,7,22,13,,,1,,,,Test Project Test Case_211,,,,Test Case for Testing Purpose,,,,108,,,3,,,,21,,,12,,,4,,,FALSE,,,release,,,1,,,,3,,,,0,,,release,,,Test Add Test Case in Release folder_211,Adding Test Case in Release folder,108,3,4,3,7,22,13,,,,1,,,Test Folder in Test Case Cycle Tab_211,,,Adding Test Folder in Test Case Cycle,,,108,,,3,,,21,,,13,4,FALSE,Cycle,,,1,1,,,1,cycle,Test Test Case in Test Cycle _211,Adding Test Case in Test case Cycle,109,3,3,3,7,22,13,,,Cycle,,,Test Folder in Add Test Suite_211,Adding test Folder in Test Suite ,,28,3,1,,,Test Performance Test Suite_211,Performance Test Suite to be added in Test Suite ,28,3,FALSE,1,,,Mumbai,17,,7,3,3
LoadTest_012,loadtest12*,PerfUser114,PerfUser114,Stephen,Wright,swright@babbleopia.name,QA Engineer,Aliso Viejo,IQD,71.24,1,1,1,1,1,PerfUser114,PerfUser114,Test Project 62,KLN,Test Project_062,Release 18,Release Test 19,2014-01-29T00:00:17,2014-02-12T00:00:17,Test Cycle Name,Test New Cycle,2014-02-10T00:00:17,2014-03-05T00:00:17,3,,Test Project Name_072,Test Requirement,108,3,4,25,,1,scope,project,1,Test Project_212,Test Project Description_212,108,3,Test Project Name_212,,,Test Release,108,3,4,25,1,,,release,,,release,2,Test Folder_212,Test Folder to be added,108,3,Test Project Cycle_212,Test Project Cycle Description,108,3,4,25,1,cycle,cycle,1,Test Cycle Folder_212,Test Folder to be created under cycle Folder,108,3,1,Test Project Test Case Folder_212,Folder for Testing Jmeter Scripts_212,108,3,21,12,4,FALSE,,,,,project,,,1,4,,,,1,,,,project,Test Project Test Case_212,,,,Test case is added in Test Project_212,,,,108,,,,3,4,3,7,22,13,,,1,,,,Test Project Test Case_212,,,,Test Case for Testing Purpose,,,,108,,,3,,,,21,,,12,,,4,,,FALSE,,,release,,,1,,,,3,,,,0,,,release,,,Test Add Test Case in Release folder_212,Adding Test Case in Release folder,108,3,4,3,7,22,13,,,,1,,,Test Folder in Test Case Cycle Tab_212,,,Adding Test Folder in Test Case Cycle,,,108,,,3,,,21,,,13,4,FALSE,Cycle,,,1,1,,,1,cycle,Test Test Case in Test Cycle _212,Adding Test Case in Test case Cycle,109,3,3,3,7,22,13,,,Cycle,,,Test Folder in Add Test Suite_212,Adding test Folder in Test Suite ,,28,3,1,,,Test Performance Test Suite_212,Performance Test Suite to be added in Test Suite ,28,3,FALSE,1,,,Mumbai,18,,9,4,4
LoadTest_013,loadtest12*,PerfUser115,PerfUser115,Theresa,Walker,twalker@jetpulse.info,QA Engineer,Daly City,SAR,90.71,1,1,1,1,1,PerfUser115,PerfUser115,Test Project 63,MND,Test Project_063,Release 19,Release Test 20,2014-01-29T00:00:18,2014-02-12T00:00:18,Test Cycle Name,Test New Cycle,2014-02-10T00:00:18,2014-03-05T00:00:18,4,,Test Project Name_073,Test Requirement,108,3,4,25,,1,scope,project,1,Test Project_213,Test Project Description_213,108,3,Test Project Name_213,,,Test Release,108,3,4,25,1,,,release,,,release,2,Test Folder_213,Test Folder to be added,108,3,Test Project Cycle_213,Test Project Cycle Description,108,3,4,25,1,cycle,cycle,1,Test Cycle Folder_213,Test Folder to be created under cycle Folder,108,3,1,Test Project Test Case Folder_213,Folder for Testing Jmeter Scripts_213,108,3,21,12,4,FALSE,,,,,project,,,1,2,,,,1,,,,project,Test Project Test Case_213,,,,Test case is added in Test Project_213,,,,108,,,,3,4,3,7,22,13,,,1,,,,Test Project Test Case_213,,,,Test Case for Testing Purpose,,,,108,,,3,,,,21,,,12,,,4,,,FALSE,,,release,,,1,,,,3,,,,0,,,release,,,Test Add Test Case in Release folder_213,Adding Test Case in Release folder,108,3,4,3,7,22,13,,,,1,,,Test Folder in Test Case Cycle Tab_213,,,Adding Test Folder in Test Case Cycle,,,108,,,3,,,21,,,13,4,FALSE,Cycle,,,1,1,,,1,cycle,Test Test Case in Test Cycle _213,Adding Test Case in Test case Cycle,109,3,3,3,7,22,13,,,Cycle,,,Test Folder in Add Test Suite_213,Adding test Folder in Test Suite ,,28,3,1,,,Test Performance Test Suite_213,Performance Test Suite to be added in Test Suite ,28,3,FALSE,1,,,Mumbai,19,,1,5,5
LoadTest_014,loadtest12*,PerfUser116,PerfUser116,Philip,Rice,price@tagchat.info,QA Engineer,Newport Beach,IQD,81.27,1,1,1,1,1,PerfUser116,PerfUser116,Test Project 64,SCD,Test Project_064,Release 20,Release Test 21,2014-01-29T00:00:19,2014-02-12T00:00:19,Test Cycle Name,Test New Cycle,2014-02-10T00:00:19,2014-03-05T00:00:19,1,,Test Project Name_074,Test Requirement,108,3,4,25,,1,scope,project,1,Test Project_214,Test Project Description_214,108,3,Test Project Name_214,,,Test Release,108,3,4,25,1,,,release,,,release,2,Test Folder_214,Test Folder to be added,108,3,Test Project Cycle_214,Test Project Cycle Description,108,3,4,25,1,cycle,cycle,1,Test Cycle Folder_214,Test Folder to be created under cycle Folder,108,3,1,Test Project Test Case Folder_214,Folder for Testing Jmeter Scripts_214,108,3,21,12,4,FALSE,,,,,project,,,1,3,,,,1,,,,project,Test Project Test Case_214,,,,Test case is added in Test Project_214,,,,108,,,,3,4,3,7,22,13,,,1,,,,Test Project Test Case_214,,,,Test Case for Testing Purpose,,,,108,,,3,,,,21,,,12,,,4,,,FALSE,,,release,,,1,,,,3,,,,0,,,release,,,Test Add Test Case in Release folder_214,Adding Test Case in Release folder,108,3,4,3,7,22,13,,,,1,,,Test Folder in Test Case Cycle Tab_214,,,Adding Test Folder in Test Case Cycle,,,108,,,3,,,21,,,13,4,FALSE,Cycle,,,1,1,,,1,cycle,Test Test Case in Test Cycle _214,Adding Test Case in Test case Cycle,109,3,3,3,7,22,13,,,Cycle,,,Test Folder in Add Test Suite_214,Adding test Folder in Test Suite ,,28,3,1,,,Test Performance Test Suite_214,Performance Test Suite to be added in Test Suite ,28,3,FALSE,1,,,Mumbai,20,,2,6,6
LoadTest_015,loadtest12*,PerfUser117,PerfUser117,Kathryn,Sanders,ksanders@oyonder.name,QA Engineer,Rancho Santa Margarita,OMR,50.83,1,1,1,1,1,PerfUser117,PerfUser117,Test Project 65,NBD,Test Project_065,Release 21,Release Test 22,2014-01-29T00:00:20,2014-02-12T00:00:20,Test Cycle Name,Test New Cycle,2014-02-10T00:00:20,2014-03-05T00:00:20,2,,Test Project Name_075,Test Requirement,108,3,4,25,,1,scope,project,1,Test Project_215,Test Project Description_215,108,3,Test Project Name_215,,,Test Release,108,3,4,25,1,,,release,,,release,2,Test Folder_215,Test Folder to be added,108,3,Test Project Cycle_215,Test Project Cycle Description,108,3,4,25,1,cycle,cycle,1,Test Cycle Folder_215,Test Folder to be created under cycle Folder,108,3,1,Test Project Test Case Folder_215,Folder for Testing Jmeter Scripts_215,108,3,21,12,4,FALSE,,,,,project,,,1,4,,,,1,,,,project,Test Project Test Case_215,,,,Test case is added in Test Project_215,,,,108,,,,3,4,3,7,22,13,,,1,,,,Test Project Test Case_215,,,,Test Case for Testing Purpose,,,,108,,,3,,,,21,,,12,,,4,,,FALSE,,,release,,,1,,,,3,,,,0,,,release,,,Test Add Test Case in Release folder_215,Adding Test Case in Release folder,108,3,4,3,7,22,13,,,,1,,,Test Folder in Test Case Cycle Tab_215,,,Adding Test Folder in Test Case Cycle,,,108,,,3,,,21,,,13,4,FALSE,Cycle,,,1,1,,,1,cycle,Test Test Case in Test Cycle _215,Adding Test Case in Test case Cycle,109,3,3,3,7,22,13,,,Cycle,,,Test Folder in Add Test Suite_215,Adding test Folder in Test Suite ,,28,3,1,,,Test Performance Test Suite_215,Performance Test Suite to be added in Test Suite ,28,3,FALSE,1,,,Mumbai,21,,3,7,7
LoadTest_016,loadtest12*,PerfUser118,PerfUser118,Anthony,Kim,akim@quimba.gov,QA Engineer,Hawthorne,SAR,61.81,1,1,1,1,1,PerfUser118,PerfUser118,Test Project 66,CVR,Test Project_066,Release 22,Release Test 23,2014-01-29T00:00:21,2014-02-12T00:00:21,Test Cycle Name,Test New Cycle,2014-02-10T00:00:21,2014-03-05T00:00:21,3,,Test Project Name_076,Test Requirement,108,3,4,25,,1,scope,project,1,Test Project_216,Test Project Description_216,108,3,Test Project Name_216,,,Test Release,108,3,4,25,1,,,release,,,release,2,Test Folder_216,Test Folder to be added,108,3,Test Project Cycle_216,Test Project Cycle Description,108,3,4,25,1,cycle,cycle,1,Test Cycle Folder_216,Test Folder to be created under cycle Folder,108,3,1,Test Project Test Case Folder_216,Folder for Testing Jmeter Scripts_216,108,3,21,12,4,FALSE,,,,,project,,,1,2,,,,1,,,,project,Test Project Test Case_216,,,,Test case is added in Test Project_216,,,,108,,,,3,4,3,7,22,13,,,1,,,,Test Project Test Case_216,,,,Test Case for Testing Purpose,,,,108,,,3,,,,21,,,12,,,4,,,FALSE,,,release,,,1,,,,3,,,,0,,,release,,,Test Add Test Case in Release folder_216,Adding Test Case in Release folder,108,3,4,3,7,22,13,,,,1,,,Test Folder in Test Case Cycle Tab_216,,,Adding Test Folder in Test Case Cycle,,,108,,,3,,,21,,,13,4,FALSE,Cycle,,,1,1,,,1,cycle,Test Test Case in Test Cycle _216,Adding Test Case in Test case Cycle,109,3,3,3,7,22,13,,,Cycle,,,Test Folder in Add Test Suite_216,Adding test Folder in Test Suite ,,28,3,1,,,Test Performance Test Suite_216,Performance Test Suite to be added in Test Suite ,28,3,FALSE,1,,,Mumbai,22,,4,5,5
LoadTest_017,loadtest12*,PerfUser119,PerfUser119,Julie,Fisher,jfisher@skivee.edu,QA Engineer,Lathrop,ILS,67.06,1,1,1,1,1,PerfUser119,PerfUser119,Test Project 67,CRV,Test Project_067,Release 23,Release Test 24,2014-01-29T00:00:22,2014-02-12T00:00:22,Test Cycle Name,Test New Cycle,2014-02-10T00:00:22,2014-03-05T00:00:22,4,,Test Project Name_077,Test Requirement,108,3,4,25,,1,scope,project,1,Test Project_217,Test Project Description_217,108,3,Test Project Name_217,,,Test Release,108,3,4,25,1,,,release,,,release,2,Test Folder_217,Test Folder to be added,108,3,Test Project Cycle_217,Test Project Cycle Description,108,3,4,25,1,cycle,cycle,1,Test Cycle Folder_217,Test Folder to be created under cycle Folder,108,3,1,Test Project Test Case Folder_217,Folder for Testing Jmeter Scripts_217,108,3,21,12,4,FALSE,,,,,project,,,1,3,,,,1,,,,project,Test Project Test Case_217,,,,Test case is added in Test Project_217,,,,108,,,,3,4,3,7,22,13,,,1,,,,Test Project Test Case_217,,,,Test Case for Testing Purpose,,,,108,,,3,,,,21,,,12,,,4,,,FALSE,,,release,,,1,,,,3,,,,0,,,release,,,Test Add Test Case in Release folder_217,Adding Test Case in Release folder,108,3,4,3,7,22,13,,,,1,,,Test Folder in Test Case Cycle Tab_217,,,Adding Test Folder in Test Case Cycle,,,108,,,3,,,21,,,13,4,FALSE,Cycle,,,1,1,,,1,cycle,Test Test Case in Test Cycle _217,Adding Test Case in Test case Cycle,109,3,3,3,7,22,13,,,Cycle,,,Test Folder in Add Test Suite_217,Adding test Folder in Test Suite ,,28,3,1,,,Test Performance Test Suite_217,Performance Test Suite to be added in Test Suite ,28,3,FALSE,1,,,Mumbai,23,,5,8,8
LoadTest_018,loadtest12*,PerfUser120,PerfUser120,Beverly,Moore,bmoore@rhynoodle.info,QA Engineer,Atascadero,QAR,84.08,1,1,1,1,1,PerfUser120,PerfUser120,Test Project 68,RVC,Test Project_068,Release 24,Release Test 25,2014-01-29T00:00:23,2014-02-12T00:00:23,Test Cycle Name,Test New Cycle,2014-02-10T00:00:23,2014-03-05T00:00:23,1,,Test Project Name_078,Test Requirement,108,3,4,25,,1,scope,project,1,Test Project_218,Test Project Description_218,108,3,Test Project Name_218,,,Test Release,108,3,4,25,1,,,release,,,release,2,Test Folder_218,Test Folder to be added,108,3,Test Project Cycle_218,Test Project Cycle Description,108,3,4,25,1,cycle,cycle,1,Test Cycle Folder_218,Test Folder to be created under cycle Folder,108,3,1,Test Project Test Case Folder_218,Folder for Testing Jmeter Scripts_218,108,3,21,12,4,FALSE,,,,,project,,,1,4,,,,1,,,,project,Test Project Test Case_218,,,,Test case is added in Test Project_218,,,,108,,,,3,4,3,7,22,13,,,1,,,,Test Project Test Case_218,,,,Test Case for Testing Purpose,,,,108,,,3,,,,21,,,12,,,4,,,FALSE,,,release,,,1,,,,3,,,,0,,,release,,,Test Add Test Case in Release folder_218,Adding Test Case in Release folder,108,3,4,3,7,22,13,,,,1,,,Test Folder in Test Case Cycle Tab_218,,,Adding Test Folder in Test Case Cycle,,,108,,,3,,,21,,,13,4,FALSE,Cycle,,,1,1,,,1,cycle,Test Test Case in Test Cycle _218,Adding Test Case in Test case Cycle,109,3,3,3,7,22,13,,,Cycle,,,Test Folder in Add Test Suite_218,Adding test Folder in Test Suite ,,28,3,1,,,Test Performance Test Suite_218,Performance Test Suite to be added in Test Suite ,28,3,FALSE,1,,,Mumbai,24,,6,1,1
LoadTest_019,loadtest12*,PerfUser121,PerfUser121,Antonio,Young,ayoung@agimba.mil,QA Engineer,Clovis,XAU,20.95,1,1,1,1,1,PerfUser121,PerfUser121,Test Project 69,VCR,Test Project_069,Release 25,Release Test 26,2014-01-29T00:00:24,2014-02-12T00:00:24,Test Cycle Name,Test New Cycle,2014-02-10T00:00:24,2014-03-05T00:00:24,2,,Test Project Name_079,Test Requirement,108,3,4,25,,1,scope,project,1,Test Project_219,Test Project Description_219,108,3,Test Project Name_219,,,Test Release,108,3,4,25,1,,,release,,,release,2,Test Folder_219,Test Folder to be added,108,3,Test Project Cycle_219,Test Project Cycle Description,108,3,4,25,1,cycle,cycle,1,Test Cycle Folder_219,Test Folder to be created under cycle Folder,108,3,1,Test Project Test Case Folder_219,Folder for Testing Jmeter Scripts_219,108,3,21,12,4,FALSE,,,,,project,,,1,2,,,,1,,,,project,Test Project Test Case_219,,,,Test case is added in Test Project_219,,,,108,,,,3,4,3,7,22,13,,,1,,,,Test Project Test Case_219,,,,Test Case for Testing Purpose,,,,108,,,3,,,,21,,,12,,,4,,,FALSE,,,release,,,1,,,,3,,,,0,,,release,,,Test Add Test Case in Release folder_219,Adding Test Case in Release folder,108,3,4,3,7,22,13,,,,1,,,Test Folder in Test Case Cycle Tab_219,,,Adding Test Folder in Test Case Cycle,,,108,,,3,,,21,,,13,4,FALSE,Cycle,,,1,1,,,1,cycle,Test Test Case in Test Cycle _219,Adding Test Case in Test case Cycle,109,3,3,3,7,22,13,,,Cycle,,,Test Folder in Add Test Suite_219,Adding test Folder in Test Suite ,,28,3,1,,,Test Performance Test Suite_219,Performance Test Suite to be added in Test Suite ,28,3,FALSE,1,,,Mumbai,25,,7,2,2
LoadTest_020,loadtest12*,PerfUser122,PerfUser122,Adam,Dean,adean@feedfish.name,QA Engineer,Manteca,PTE,82.91,1,1,1,1,1,PerfUser122,PerfUser122,Test Project 70,HDF,Test Project_070,Release 26,Release Test 27,2014-01-29T00:00:25,2014-02-12T00:00:25,Test Cycle Name,Test New Cycle,2014-02-10T00:00:25,2014-03-05T00:00:25,3,,Test Project Name_080,Test Requirement,108,3,4,25,,1,scope,project,1,Test Project_220,Test Project Description_220,108,3,Test Project Name_220,,,Test Release,108,3,4,25,1,,,release,,,release,2,Test Folder_220,Test Folder to be added,108,3,Test Project Cycle_220,Test Project Cycle Description,108,3,4,25,1,cycle,cycle,1,Test Cycle Folder_220,Test Folder to be created under cycle Folder,108,3,1,Test Project Test Case Folder_220,Folder for Testing Jmeter Scripts_220,108,3,21,12,4,FALSE,,,,,project,,,1,3,,,,1,,,,project,Test Project Test Case_220,,,,Test case is added in Test Project_220,,,,108,,,,3,4,3,7,22,13,,,1,,,,Test Project Test Case_220,,,,Test Case for Testing Purpose,,,,108,,,3,,,,21,,,12,,,4,,,FALSE,,,release,,,1,,,,3,,,,0,,,release,,,Test Add Test Case in Release folder_220,Adding Test Case in Release folder,108,3,4,3,7,22,13,,,,1,,,Test Folder in Test Case Cycle Tab_220,,,Adding Test Folder in Test Case Cycle,,,108,,,3,,,21,,,13,4,FALSE,Cycle,,,1,1,,,1,cycle,Test Test Case in Test Cycle _220,Adding Test Case in Test case Cycle,109,3,3,3,7,22,13,,,Cycle,,,Test Folder in Add Test Suite_220,Adding test Folder in Test Suite ,,28,3,1,,,Test Performance Test Suite_220,Performance Test Suite to be added in Test Suite ,28,3,FALSE,1,,,Mumbai,26,,7,3,4
LoadTest_021,loadtest12*,PerfUser123,PerfUser123,Martin,Parker,mparker@livez.mil,QA Engineer,Del Rey Oaks,ZAR,84,1,1,1,1,1,PerfUser123,PerfUser123,Test Project 71,FDH,Test Project_071,Release 27,Release Test 28,2014-01-29T00:00:26,2014-02-12T00:00:26,Test Cycle Name,Test New Cycle,2014-02-10T00:00:26,2014-03-05T00:00:26,4,,Test Project Name_081,Test Requirement,108,3,4,25,,1,scope,project,1,Test Project_221,Test Project Description_221,108,3,Test Project Name_221,,,Test Release,108,3,4,25,1,,,release,,,release,2,Test Folder_221,Test Folder to be added,108,3,Test Project Cycle_221,Test Project Cycle Description,108,3,4,25,1,cycle,cycle,1,Test Cycle Folder_221,Test Folder to be created under cycle Folder,108,3,1,Test Project Test Case Folder_221,Folder for Testing Jmeter Scripts_221,108,3,21,12,4,FALSE,,,,,project,,,1,4,,,,1,,,,project,Test Project Test Case_221,,,,Test case is added in Test Project_221,,,,108,,,,3,4,3,7,22,13,,,1,,,,Test Project Test Case_221,,,,Test Case for Testing Purpose,,,,108,,,3,,,,21,,,12,,,4,,,FALSE,,,release,,,1,,,,3,,,,0,,,release,,,Test Add Test Case in Release folder_221,Adding Test Case in Release folder,108,3,4,3,7,22,13,,,,1,,,Test Folder in Test Case Cycle Tab_221,,,Adding Test Folder in Test Case Cycle,,,108,,,3,,,21,,,13,4,FALSE,Cycle,,,1,1,,,1,cycle,Test Test Case in Test Cycle _221,Adding Test Case in Test case Cycle,109,3,3,3,7,22,13,,,Cycle,,,Test Folder in Add Test Suite_221,Adding test Folder in Test Suite ,,28,3,1,,,Test Performance Test Suite_221,Performance Test Suite to be added in Test Suite ,28,3,FALSE,1,,,Mumbai,27,,8,4,5
LoadTest_022,loadtest12*,PerfUser123,PerfUser123,Martin,Parker,mparker@livez.mil,QA Engineer,Del Rey Oaks,ZAR,84,1,1,1,1,1,PerfUser123,PerfUser123,Test Project 72,DGF,Test Project_072,Release 28,Release Test 29,2014-01-29T00:00:27,2014-02-12T00:00:27,Test Cycle Name,Test New Cycle,2014-02-10T00:00:27,2014-03-05T00:00:27,5,,Test Project Name_082,Test Requirement,108,3,4,25,,1,scope,project,2,Test Project_222,Test Project Description_222,109,4,Test Project Name_222,,,Test Release,108,3,4,25,1,,,release,,,release,3,Test Folder_222,Test Folder to be added,108,3,Test Project Cycle_222,Test Project Cycle Description,108,3,4,25,1,cycle,cycle,2,Test Cycle Folder_222,Test Folder to be created under cycle Folder,108,3,1,Test Project Test Case Folder_222,Folder for Testing Jmeter Scripts_222,108,3,21,12,4,FALSE,,,,,project,,,1,2,,,,1,,,,project,Test Project Test Case_222,,,,Test case is added in Test Project_222,,,,108,,,,3,4,3,7,22,13,,,1,,,,Test Project Test Case_222,,,,Test Case for Testing Purpose,,,,108,,,3,,,,21,,,12,,,4,,,FALSE,,,release,,,1,,,,3,,,,0,,,release,,,Test Add Test Case in Release folder_222,Adding Test Case in Release folder,108,3,4,3,7,22,13,,,,1,,,Test Folder in Test Case Cycle Tab_222,,,Adding Test Folder in Test Case Cycle,,,108,,,3,,,21,,,13,4,FALSE,Cycle,,,1,1,,,1,cycle,Test Test Case in Test Cycle _222,Adding Test Case in Test case Cycle,109,3,3,3,7,22,13,,,Cycle,,,Test Folder in Add Test Suite_222,Adding test Folder in Test Suite ,,28,3,1,,,Test Performance Test Suite_222,Performance Test Suite to be added in Test Suite ,28,3,FALSE,1,,,Mumbai,28,,8,5,6
LoadTest_023,loadtest12*,PerfUser123,PerfUser123,Martin,Parker,mparker@livez.mil,QA Engineer,Del Rey Oaks,ZAR,84,1,1,1,1,1,PerfUser123,PerfUser123,Test Project 73,FDG,Test Project_073,Release 29,Release Test 30,2014-01-29T00:00:28,2014-02-12T00:00:28,Test Cycle Name,Test New Cycle,2014-02-10T00:00:28,2014-03-05T00:00:28,6,,Test Project Name_083,Test Requirement,108,3,4,25,,1,scope,project,3,Test Project_223,Test Project Description_223,110,5,Test Project Name_223,,,Test Release,108,3,4,25,1,,,release,,,release,4,Test Folder_223,Test Folder to be added,108,3,Test Project Cycle_223,Test Project Cycle Description,108,3,4,25,1,cycle,cycle,3,Test Cycle Folder_223,Test Folder to be created under cycle Folder,108,3,1,Test Project Test Case Folder_223,Folder for Testing Jmeter Scripts_223,108,3,21,12,4,FALSE,,,,,project,,,1,3,,,,1,,,,project,Test Project Test Case_223,,,,Test case is added in Test Project_223,,,,108,,,,3,4,3,7,22,13,,,1,,,,Test Project Test Case_223,,,,Test Case for Testing Purpose,,,,108,,,3,,,,21,,,12,,,4,,,FALSE,,,release,,,1,,,,3,,,,0,,,release,,,Test Add Test Case in Release folder_223,Adding Test Case in Release folder,108,3,4,3,7,22,13,,,,1,,,Test Folder in Test Case Cycle Tab_223,,,Adding Test Folder in Test Case Cycle,,,108,,,3,,,21,,,13,4,FALSE,Cycle,,,1,1,,,1,cycle,Test Test Case in Test Cycle _223,Adding Test Case in Test case Cycle,109,3,3,3,7,22,13,,,Cycle,,,Test Folder in Add Test Suite_223,Adding test Folder in Test Suite ,,28,3,1,,,Test Performance Test Suite_223,Performance Test Suite to be added in Test Suite ,28,3,FALSE,1,,,Mumbai,29,,8,6,7
LoadTest_024,loadtest12*,PerfUser123,PerfUser123,Martin,Parker,mparker@livez.mil,QA Engineer,Del Rey Oaks,ZAR,84,1,1,1,1,1,PerfUser123,PerfUser123,Test Project 74,JKY,Test Project_074,Release 30,Release Test 31,2014-01-29T00:00:29,2014-02-12T00:00:29,Test Cycle Name,Test New Cycle,2014-02-10T00:00:29,2014-03-05T00:00:29,7,,Test Project Name_084,Test Requirement,108,3,4,25,,1,scope,project,4,Test Project_224,Test Project Description_224,111,6,Test Project Name_224,,,Test Release,108,3,4,25,1,,,release,,,release,5,Test Folder_224,Test Folder to be added,108,3,Test Project Cycle_224,Test Project Cycle Description,108,3,4,25,1,cycle,cycle,4,Test Cycle Folder_224,Test Folder to be created under cycle Folder,108,3,1,Test Project Test Case Folder_224,Folder for Testing Jmeter Scripts_224,108,3,21,12,4,FALSE,,,,,project,,,1,4,,,,1,,,,project,Test Project Test Case_224,,,,Test case is added in Test Project_224,,,,108,,,,3,4,3,7,22,13,,,1,,,,Test Project Test Case_224,,,,Test Case for Testing Purpose,,,,108,,,3,,,,21,,,12,,,4,,,FALSE,,,release,,,1,,,,3,,,,0,,,release,,,Test Add Test Case in Release folder_224,Adding Test Case in Release folder,108,3,4,3,7,22,13,,,,1,,,Test Folder in Test Case Cycle Tab_224,,,Adding Test Folder in Test Case Cycle,,,108,,,3,,,21,,,13,4,FALSE,Cycle,,,1,1,,,1,cycle,Test Test Case in Test Cycle _224,Adding Test Case in Test case Cycle,109,3,3,3,7,22,13,,,Cycle,,,Test Folder in Add Test Suite_224,Adding test Folder in Test Suite ,,28,3,1,,,Test Performance Test Suite_224,Performance Test Suite to be added in Test Suite ,28,3,FALSE,1,,,Mumbai,29,,7,7,8
